{
"lengthUnit": "mil",
"components": {
	"fields": ["COMPONENT_NO", "COMPONENT_NAME", "LAYER", "X_COORDINATE", "Y_COORDINATE", "ANGLE"],
	"rows": [
		[1, "P1", "T", -2360, 1530, 270],
		[2, "F1", "T", -1570, 1555, 0],
		[3, "D1", "T", -755, 1710, 270],
		[4, "C2", "T", 205, 1820, 90],
		[5, "R1", "T", -255, 1930, 180],
		[6, "LED1", "T", -1140, 2015, 180],
		[7, "D2", "T", 565, 1840, 270],
		[8, "C4", "T", 1290, 1200, 90],
		[9, "C6", "T", 1955, 1935, 270],
		[10, "D3", "T", 2285, 1275, 270],
		[11, "C8", "T", 2735, 1000, 90],
		[12, "C11", "T", 2735, 320, 90],
		[13, "U1", "T", 330, 1255, 180],
		[14, "U2", "T", 1780, 1175, 180],
		[15, "C3", "T", 890, 1250, 270],
		[16, "C5", "T", 1420, 1860, 90],
		[17, "C7", "T", 2640, 1735, 90],
		[18, "C9", "T", 1190, 620, 270],
		[19, "C10", "T", 2365, 490, 90],
		[20, "U3", "T", 1820, 585, 270],
		[21, "P2", "T", 2680, -380, 90],
		[22, "C12", "T", -1615, 730, 270],
		[23, "C13", "T", -2055, 715, 90],
		[24, "D4", "T", -2395, 720, 270],
		[25, "C14", "T", -235, 675, 270],
		[26, "C15", "T", 495, 730, 180],
		[27, "R2", "T", 240, 165, 0],
		[28, "R3", "T", -1030, -355, 90],
		[29, "D5", "T", -755, -375, 270],
		[30, "C16", "T", -395, -365, 90],
		[31, "R4", "T", 815, -45, 90],
		[32, "R5", "T", 670, -980, 90],
		[33, "R6", "T", -615, -1005, 90],
		[34, "U5", "T", 170, -360, 0],
		[35, "RP1", "T", 1045, -485, 270],
		[36, "P3", "T", 55, -1575, 0],
		[37, "P4", "T", -380, -1570, 180],
		[38, "U6", "T", 1940, -910, 90],
		[39, "R7", "T", -310, -995, 90],
		[40, "P5", "T", 1230, -1480, 180],
		[41, "P6", "T", -865, -1575, 0],
		[42, "R8", "T", 240, -1175, 0],
		[43, "R9", "T", 1240, -1040, 270],
		[44, "C17", "T", 1525, -1015, 90],
		[45, "R10", "T", 1320, -115, 270],
		[46, "RP2", "T", 1730, 45, 90],
		[47, "R11", "T", 1895, -340, 180],
		[48, "RP3", "T", 1960, -1475, 0],
		[49, "R12", "T", 2400, -535, 270],
		[50, "R13", "T", 2590, -1290, 90],
		[51, "C1", "T", -235, 1415, 270],
		[52, "U4", "T", -995, 320, 90]
	]
},
"pins": {
	"fields": ["PIN_NO", "PIN_NAME", "PIN_X", "PIN_Y", "LAYER", "PIN_TYPE", "NET_NAME", "NET_TYPE", "PAD_SHAPE", "PAD_SIZEX", "PAD_SIZEY", "HOLE_SIZE"],
	"rows": [
		[1, "P1_1", -2360, 1680, "T", "DIP", "$1N616", "", "C", 125.98, 125.98, 66.93],
		[2, "P1_1", -2360, 1680, "B", "DIP", "$1N616", "", "C", 125.98, 125.98, 66.93],
		[3, "P1_2", -2360, 1380, "T", "DIP", "$1N620", "", "C", 125.98, 125.98, 66.93],
		[4, "P1_2", -2360, 1380, "B", "DIP", "$1N620", "", "C", 125.98, 125.98, 66.93],
		[5, "F1_1", -2012.91, 1555, "T", "DIP", "$1N616", "", "O", 118.11, 157.48, 66.14],
		[6, "F1_1", -2012.91, 1555, "B", "DIP", "$1N616", "", "O", 118.11, 157.48, 66.14],
		[7, "F1_2", -1127.09, 1555, "T", "DIP", "$1N652", "", "O", 118.11, 157.48, 66.14],
		[8, "F1_2", -1127.09, 1555, "B", "DIP", "$1N652", "", "O", 118.11, 157.48, 66.14],
		[9, "D1_1", -755, 1937.36, "T", "DIP", "VCC1+18V", "", "C", 110.24, 110.24, 43.31],
		[10, "D1_1", -755, 1937.36, "B", "DIP", "VCC1+18V", "", "C", 110.24, 110.24, 43.31],
		[11, "D1_2", -755, 1785.79, "T", "DIP", "$1N652", "", "C", 110.24, 110.24, 43.31],
		[12, "D1_2", -755, 1785.79, "B", "DIP", "$1N652", "", "C", 110.24, 110.24, 43.31],
		[13, "D1_4", -755, 1482.64, "T", "DIP", "GND", "GND", "C", 110.24, 110.24, 43.31],
		[14, "D1_4", -755, 1482.64, "B", "DIP", "GND", "GND", "C", 110.24, 110.24, 43.31],
		[15, "D1_3", -755, 1635, "T", "DIP", "$1N620", "", "C", 110.24, 110.24, 43.31],
		[16, "D1_3", -755, 1635, "B", "DIP", "$1N620", "", "C", 110.24, 110.24, 43.31],
		[17, "C2_1", 205, 1721.58, "T", "DIP", "GND", "GND", "C", 125.98, 125.98, 39.37],
		[18, "C2_1", 205, 1721.58, "B", "DIP", "GND", "GND", "C", 125.98, 125.98, 39.37],
		[19, "C2_2", 205, 1980, "T", "DIP", "VCC1+18V", "", "C", 125.98, 125.98, 39.37],
		[20, "C2_2", 205, 1980, "B", "DIP", "VCC1+18V", "", "C", 125.98, 125.98, 39.37],
		[21, "R1_1", -52.24, 1930, "T", "DIP", "$1N679", "", "C", 125.98, 125.98, 39.37],
		[22, "R1_1", -52.24, 1930, "B", "DIP", "$1N679", "", "C", 125.98, 125.98, 39.37],
		[23, "R1_2", -457.76, 1930, "T", "DIP", "VCC1+18V", "", "C", 125.98, 125.98, 39.37],
		[24, "R1_2", -457.76, 1930, "B", "DIP", "VCC1+18V", "", "C", 125.98, 125.98, 39.37],
		[25, "LED1_1", -1080, 2015, "T", "DIP", "$1N679", "", "C", 125.98, 125.98, 36],
		[26, "LED1_1", -1080, 2015, "B", "DIP", "$1N679", "", "C", 125.98, 125.98, 36],
		[27, "LED1_2", -1330, 2015, "T", "DIP", "GND", "GND", "C", 125.98, 125.98, 36],
		[28, "LED1_2", -1330, 2015, "B", "DIP", "GND", "GND", "C", 125.98, 125.98, 36],
		[29, "D2_1", 565, 2011.26, "T", "DIP", "VCC1+18V", "", "C", 125.98, 125.98, 39.37],
		[30, "D2_1", 565, 2011.26, "B", "DIP", "VCC1+18V", "", "C", 125.98, 125.98, 39.37],
		[31, "D2_2", 565, 1668.74, "T", "DIP", "VCC2+15V", "", "C", 125.98, 125.98, 39.37],
		[32, "D2_2", 565, 1668.74, "B", "DIP", "VCC2+15V", "", "C", 125.98, 125.98, 39.37],
		[33, "C4_1", 1290, 1101.58, "T", "DIP", "GND", "GND", "C", 125.98, 125.98, 39.37],
		[34, "C4_1", 1290, 1101.58, "B", "DIP", "GND", "GND", "C", 125.98, 125.98, 39.37],
		[35, "C4_2", 1290, 1360, "T", "DIP", "VCC2+15V", "", "C", 125.98, 125.98, 39.37],
		[36, "C4_2", 1290, 1360, "B", "DIP", "VCC2+15V", "", "C", 125.98, 125.98, 39.37],
		[37, "C6_1", 1955, 2033.42, "T", "DIP", "GND", "GND", "C", 125.98, 125.98, 39.37],
		[38, "C6_1", 1955, 2033.42, "B", "DIP", "GND", "GND", "C", 125.98, 125.98, 39.37],
		[39, "C6_2", 1955, 1775, "T", "DIP", "VCC2+15V", "", "C", 125.98, 125.98, 39.37],
		[40, "C6_2", 1955, 1775, "B", "DIP", "VCC2+15V", "", "C", 125.98, 125.98, 39.37],
		[41, "D3_1", 2285, 1446.26, "T", "DIP", "VCC2+15V", "", "C", 125.98, 125.98, 39.37],
		[42, "D3_1", 2285, 1446.26, "B", "DIP", "VCC2+15V", "", "C", 125.98, 125.98, 39.37],
		[43, "D3_2", 2285, 1103.74, "T", "DIP", "VCC3+5V", "", "C", 125.98, 125.98, 39.37],
		[44, "D3_2", 2285, 1103.74, "B", "DIP", "VCC3+5V", "", "C", 125.98, 125.98, 39.37],
		[45, "C8_1", 2735, 901.58, "T", "DIP", "GND", "GND", "C", 125.98, 125.98, 39.37],
		[46, "C8_1", 2735, 901.58, "B", "DIP", "GND", "GND", "C", 125.98, 125.98, 39.37],
		[47, "C8_2", 2735, 1160, "T", "DIP", "VCC3+5V", "", "C", 125.98, 125.98, 39.37],
		[48, "C8_2", 2735, 1160, "B", "DIP", "VCC3+5V", "", "C", 125.98, 125.98, 39.37],
		[49, "C11_1", 2735, 221.57, "T", "DIP", "GND", "GND", "C", 125.98, 125.98, 39.37],
		[50, "C11_1", 2735, 221.57, "B", "DIP", "GND", "GND", "C", 125.98, 125.98, 39.37],
		[51, "C11_2", 2735, 480, "T", "DIP", "VCC4-5V", "", "C", 125.98, 125.98, 39.37],
		[52, "C11_2", 2735, 480, "B", "DIP", "VCC4-5V", "", "C", 125.98, 125.98, 39.37],
		[53, "U1_3", 175, 1255, "T", "DIP", "VCC1+18V", "", "O", 98.43, 118.11, 27.56],
		[54, "U1_3", 175, 1255, "B", "DIP", "VCC1+18V", "", "O", 98.43, 118.11, 27.56],
		[55, "U1_2", 330, 1255, "T", "DIP", "GND", "GND", "O", 98.43, 118.11, 27.56],
		[56, "U1_2", 330, 1255, "B", "DIP", "GND", "GND", "O", 98.43, 118.11, 27.56],
		[57, "U1_1", 485, 1255, "T", "DIP", "VCC2+15V", "", "R", 98.43, 118.11, 27.56],
		[58, "U1_1", 485, 1255, "B", "DIP", "VCC2+15V", "", "R", 98.43, 118.11, 27.56],
		[59, "U2_3", 1625, 1175, "T", "DIP", "VCC2+15V", "", "O", 98.43, 118.11, 27.56],
		[60, "U2_3", 1625, 1175, "B", "DIP", "VCC2+15V", "", "O", 98.43, 118.11, 27.56],
		[61, "U2_2", 1780, 1175, "T", "DIP", "GND", "GND", "O", 98.43, 118.11, 27.56],
		[62, "U2_2", 1780, 1175, "B", "DIP", "GND", "GND", "O", 98.43, 118.11, 27.56],
		[63, "U2_1", 1935, 1175, "T", "DIP", "VCC3+5V", "", "R", 98.43, 118.11, 27.56],
		[64, "U2_1", 1935, 1175, "B", "DIP", "VCC3+5V", "", "R", 98.43, 118.11, 27.56],
		[65, "C3_2", 890, 1085, "T", "DIP", "GND", "GND", "C", 125.98, 125.98, 39.37],
		[66, "C3_2", 890, 1085, "B", "DIP", "GND", "GND", "C", 125.98, 125.98, 39.37],
		[67, "C3_1", 890, 1318.9, "T", "DIP", "VCC2+15V", "", "C", 125.98, 125.98, 39.37],
		[68, "C3_1", 890, 1318.9, "B", "DIP", "VCC2+15V", "", "C", 125.98, 125.98, 39.37],
		[69, "C5_2", 1420, 2025, "T", "DIP", "GND", "GND", "C", 125.98, 125.98, 39.37],
		[70, "C5_2", 1420, 2025, "B", "DIP", "GND", "GND", "C", 125.98, 125.98, 39.37],
		[71, "C5_1", 1420, 1791.1, "T", "DIP", "VCC2+15V", "", "C", 125.98, 125.98, 39.37],
		[72, "C5_1", 1420, 1791.1, "B", "DIP", "VCC2+15V", "", "C", 125.98, 125.98, 39.37],
		[73, "C7_2", 2640, 1900, "T", "DIP", "GND", "GND", "C", 125.98, 125.98, 39.37],
		[74, "C7_2", 2640, 1900, "B", "DIP", "GND", "GND", "C", 125.98, 125.98, 39.37],
		[75, "C7_1", 2640, 1666.1, "T", "DIP", "VCC3+5V", "", "C", 125.98, 125.98, 39.37],
		[76, "C7_1", 2640, 1666.1, "B", "DIP", "VCC3+5V", "", "C", 125.98, 125.98, 39.37],
		[77, "C9_2", 1190, 455, "T", "DIP", "$1N3790", "", "C", 125.98, 125.98, 39.37],
		[78, "C9_2", 1190, 455, "B", "DIP", "$1N3790", "", "C", 125.98, 125.98, 39.37],
		[79, "C9_1", 1190, 688.9, "T", "DIP", "$1N3784", "", "C", 125.98, 125.98, 39.37],
		[80, "C9_1", 1190, 688.9, "B", "DIP", "$1N3784", "", "C", 125.98, 125.98, 39.37],
		[81, "C10_2", 2365, 655, "T", "DIP", "VCC4-5V", "", "C", 125.98, 125.98, 39.37],
		[82, "C10_2", 2365, 655, "B", "DIP", "VCC4-5V", "", "C", 125.98, 125.98, 39.37],
		[83, "C10_1", 2365, 421.1, "T", "DIP", "GND", "GND", "C", 125.98, 125.98, 39.37],
		[84, "C10_1", 2365, 421.1, "B", "DIP", "GND", "GND", "C", 125.98, 125.98, 39.37],
		[85, "U3_2", 1670, 635, "T", "DIP", "$1N3784", "", "C", 78.74, 78.74, 35.43],
		[86, "U3_2", 1670, 635, "B", "DIP", "$1N3784", "", "C", 78.74, 78.74, 35.43],
		[87, "U3_3", 1670, 535, "T", "DIP", "GND", "GND", "C", 78.74, 78.74, 35.43],
		[88, "U3_3", 1670, 535, "B", "DIP", "GND", "GND", "C", 78.74, 78.74, 35.43],
		[89, "U3_4", 1670, 435, "T", "DIP", "$1N3790", "", "C", 78.74, 78.74, 35.43],
		[90, "U3_4", 1670, 435, "B", "DIP", "$1N3790", "", "C", 78.74, 78.74, 35.43],
		[91, "U3_8", 1970, 735, "T", "DIP", "VCC3+5V", "", "C", 78.74, 78.74, 35.43],
		[92, "U3_8", 1970, 735, "B", "DIP", "VCC3+5V", "", "C", 78.74, 78.74, 35.43],
		[93, "U3_5", 1970, 435, "T", "DIP", "VCC4-5V", "", "C", 78.74, 78.74, 35.43],
		[94, "U3_5", 1970, 435, "B", "DIP", "VCC4-5V", "", "C", 78.74, 78.74, 35.43],
		[95, "P2_1", 2680, -530, "T", "DIP", "$1N10870", "", "C", 125.98, 125.98, 66.93],
		[96, "P2_1", 2680, -530, "B", "DIP", "$1N10870", "", "C", 125.98, 125.98, 66.93],
		[97, "P2_2", 2680, -230, "T", "DIP", "$1N14286", "", "C", 125.98, 125.98, 66.93],
		[98, "P2_2", 2680, -230, "B", "DIP", "$1N14286", "", "C", 125.98, 125.98, 66.93],
		[99, "C12_2", -1615, 565, "T", "DIP", "GND", "GND", "C", 125.98, 125.98, 39.37],
		[100, "C12_2", -1615, 565, "B", "DIP", "GND", "GND", "C", 125.98, 125.98, 39.37],
		[101, "C12_1", -1615, 798.9, "T", "DIP", "VCC1+18V", "", "C", 125.98, 125.98, 39.37],
		[102, "C12_1", -1615, 798.9, "B", "DIP", "VCC1+18V", "", "C", 125.98, 125.98, 39.37],
		[103, "C13_1", -2055, 616.58, "T", "DIP", "GND", "GND", "C", 125.98, 125.98, 39.37],
		[104, "C13_1", -2055, 616.58, "B", "DIP", "GND", "GND", "C", 125.98, 125.98, 39.37],
		[105, "C13_2", -2055, 875, "T", "DIP", "VCC1+18V", "", "C", 125.98, 125.98, 39.37],
		[106, "C13_2", -2055, 875, "B", "DIP", "VCC1+18V", "", "C", 125.98, 125.98, 39.37],
		[107, "D4_1", -2395, 891.26, "T", "DIP", "VCC1+18V", "", "C", 125.98, 125.98, 39.37],
		[108, "D4_1", -2395, 891.26, "B", "DIP", "VCC1+18V", "", "C", 125.98, 125.98, 39.37],
		[109, "D4_2", -2395, 548.74, "T", "DIP", "$1N10870", "", "C", 125.98, 125.98, 39.37],
		[110, "D4_2", -2395, 548.74, "B", "DIP", "$1N10870", "", "C", 125.98, 125.98, 39.37],
		[111, "C14_2", -235, 510, "T", "DIP", "GND", "GND", "C", 125.98, 125.98, 39.37],
		[112, "C14_2", -235, 510, "B", "DIP", "GND", "GND", "C", 125.98, 125.98, 39.37],
		[113, "C14_1", -235, 743.9, "T", "DIP", "$1N10870", "", "C", 125.98, 125.98, 39.37],
		[114, "C14_1", -235, 743.9, "B", "DIP", "$1N10870", "", "C", 125.98, 125.98, 39.37],
		[115, "C15_1", 593.42, 730, "T", "DIP", "GND", "GND", "C", 125.98, 125.98, 39.37],
		[116, "C15_1", 593.42, 730, "B", "DIP", "GND", "GND", "C", 125.98, 125.98, 39.37],
		[117, "C15_2", 335, 730, "T", "DIP", "$1N10870", "", "C", 125.98, 125.98, 39.37],
		[118, "C15_2", 335, 730, "B", "DIP", "$1N10870", "", "C", 125.98, 125.98, 39.37],
		[119, "R2_1", 37.24, 165, "T", "DIP", "$1N8355", "", "C", 125.98, 125.98, 39.37],
		[120, "R2_1", 37.24, 165, "B", "DIP", "$1N8355", "", "C", 125.98, 125.98, 39.37],
		[121, "R2_2", 442.76, 165, "T", "DIP", "$1N10870", "", "C", 125.98, 125.98, 39.37],
		[122, "R2_2", 442.76, 165, "B", "DIP", "$1N10870", "", "C", 125.98, 125.98, 39.37],
		[123, "R3_1", -1030, -557.76, "T", "DIP", "$1N8358", "", "C", 125.98, 125.98, 39.37],
		[124, "R3_1", -1030, -557.76, "B", "DIP", "$1N8358", "", "C", 125.98, 125.98, 39.37],
		[125, "R3_2", -1030, -152.24, "T", "DIP", "$1N8355", "", "C", 125.98, 125.98, 39.37],
		[126, "R3_2", -1030, -152.24, "B", "DIP", "$1N8355", "", "C", 125.98, 125.98, 39.37],
		[127, "D5_1", -755, -203.74, "T", "DIP", "$1N10815", "", "C", 125.98, 125.98, 39.37],
		[128, "D5_1", -755, -203.74, "B", "DIP", "$1N10815", "", "C", 125.98, 125.98, 39.37],
		[129, "D5_2", -755, -546.26, "T", "DIP", "$1N8358", "", "C", 125.98, 125.98, 39.37],
		[130, "D5_2", -755, -546.26, "B", "DIP", "$1N8358", "", "C", 125.98, 125.98, 39.37],
		[131, "C16_1", -395, -463.43, "T", "DIP", "GND", "GND", "C", 125.98, 125.98, 39.37],
		[132, "C16_1", -395, -463.43, "B", "DIP", "GND", "GND", "C", 125.98, 125.98, 39.37],
		[133, "C16_2", -395, -205, "T", "DIP", "$1N10815", "", "C", 125.98, 125.98, 39.37],
		[134, "C16_2", -395, -205, "B", "DIP", "$1N10815", "", "C", 125.98, 125.98, 39.37],
		[135, "R4_1", 815, -247.76, "T", "DIP", "$1N12186", "", "C", 125.98, 125.98, 39.37],
		[136, "R4_1", 815, -247.76, "B", "DIP", "$1N12186", "", "C", 125.98, 125.98, 39.37],
		[137, "R4_2", 815, 157.76, "T", "DIP", "$1N10870", "", "C", 125.98, 125.98, 39.37],
		[138, "R4_2", 815, 157.76, "B", "DIP", "$1N10870", "", "C", 125.98, 125.98, 39.37],
		[139, "R5_1", 670, -1182.76, "T", "DIP", "GND", "GND", "C", 125.98, 125.98, 39.37],
		[140, "R5_1", 670, -1182.76, "B", "DIP", "GND", "GND", "C", 125.98, 125.98, 39.37],
		[141, "R5_2", 670, -777.24, "T", "DIP", "$1N12212", "", "C", 125.98, 125.98, 39.37],
		[142, "R5_2", 670, -777.24, "B", "DIP", "$1N12212", "", "C", 125.98, 125.98, 39.37],
		[143, "R6_1", -615, -1207.76, "T", "DIP", "$1N12365", "", "C", 125.98, 125.98, 39.37],
		[144, "R6_1", -615, -1207.76, "B", "DIP", "$1N12365", "", "C", 125.98, 125.98, 39.37],
		[145, "R6_2", -615, -802.24, "T", "DIP", "$1N12194", "", "C", 125.98, 125.98, 39.37],
		[146, "R6_2", -615, -802.24, "B", "DIP", "$1N12194", "", "C", 125.98, 125.98, 39.37],
		[147, "U5_2", 120, -510, "T", "DIP", "$1N12194", "", "C", 82.68, 82.68, 43.31],
		[148, "U5_2", 120, -510, "B", "DIP", "$1N12194", "", "C", 82.68, 82.68, 43.31],
		[149, "U5_7", 120, -210, "T", "DIP", "VCC2+15V", "", "C", 82.68, 82.68, 43.31],
		[150, "U5_7", 120, -210, "B", "DIP", "VCC2+15V", "", "C", 82.68, 82.68, 43.31],
		[151, "U5_3", 220, -510, "T", "DIP", "$1N12205", "", "C", 82.68, 82.68, 43.31],
		[152, "U5_3", 220, -510, "B", "DIP", "$1N12205", "", "C", 82.68, 82.68, 43.31],
		[153, "U5_4", 320, -510, "T", "DIP", "VCC4-5V", "", "C", 82.68, 82.68, 43.31],
		[154, "U5_4", 320, -510, "B", "DIP", "VCC4-5V", "", "C", 82.68, 82.68, 43.31],
		[155, "U5_6", 220, -210, "T", "DIP", "$1N10815", "", "C", 82.68, 82.68, 43.31],
		[156, "U5_6", 220, -210, "B", "DIP", "$1N10815", "", "C", 82.68, 82.68, 43.31],
		[157, "RP1_2", 1045, -485, "T", "DIP", "$1N12194", "", "C", 98.43, 98.43, 30],
		[158, "RP1_2", 1045, -485, "B", "DIP", "$1N12194", "", "C", 98.43, 98.43, 30],
		[159, "RP1_1", 1045, -325, "T", "DIP", "$1N12186", "", "C", 98.43, 98.43, 30],
		[160, "RP1_1", 1045, -325, "B", "DIP", "$1N12186", "", "C", 98.43, 98.43, 30],
		[161, "RP1_3", 1045, -643.42, "T", "DIP", "$1N12212", "", "C", 98.43, 98.43, 30],
		[162, "RP1_3", 1045, -643.42, "B", "DIP", "$1N12212", "", "C", 98.43, 98.43, 30],
		[163, "P3_3", 155, -1575, "T", "DIP", "$1N12352", "", "R", 78.74, 118.11, 47.24],
		[164, "P3_3", 155, -1575, "B", "DIP", "$1N12352", "", "R", 78.74, 118.11, 47.24],
		[165, "P3_2", 55, -1575, "T", "DIP", "$1N12244", "", "R", 78.74, 118.11, 47.24],
		[166, "P3_2", 55, -1575, "B", "DIP", "$1N12244", "", "R", 78.74, 118.11, 47.24],
		[167, "P3_1", -45, -1575, "T", "DIP", "$1N12244", "", "R", 78.74, 118.11, 47.24],
		[168, "P3_1", -45, -1575, "B", "DIP", "$1N12244", "", "R", 78.74, 118.11, 47.24],
		[169, "P4_1", -330, -1570, "T", "DIP", "$1N12365", "", "R", 78.74, 118.11, 47.24],
		[170, "P4_1", -330, -1570, "B", "DIP", "$1N12365", "", "R", 78.74, 118.11, 47.24],
		[171, "P4_2", -430, -1570, "T", "DIP", "$1N12365", "", "R", 78.74, 118.11, 47.24],
		[172, "P4_2", -430, -1570, "B", "DIP", "$1N12365", "", "R", 78.74, 118.11, 47.24],
		[173, "U6_1", 2090, -1060, "T", "DIP", "$1N12695", "", "C", 82.68, 82.68, 43.31],
		[174, "U6_1", 2090, -1060, "B", "DIP", "$1N12695", "", "C", 82.68, 82.68, 43.31],
		[175, "U6_2", 2090, -960, "T", "DIP", "$1N12605", "", "C", 82.68, 82.68, 43.31],
		[176, "U6_2", 2090, -960, "B", "DIP", "$1N12605", "", "C", 82.68, 82.68, 43.31],
		[177, "U6_7", 1790, -960, "T", "DIP", "VCC3+5V", "", "C", 82.68, 82.68, 43.31],
		[178, "U6_7", 1790, -960, "B", "DIP", "VCC3+5V", "", "C", 82.68, 82.68, 43.31],
		[179, "U6_8", 1790, -1060, "T", "DIP", "$1N12687", "", "C", 82.68, 82.68, 43.31],
		[180, "U6_8", 1790, -1060, "B", "DIP", "$1N12687", "", "C", 82.68, 82.68, 43.31],
		[181, "U6_3", 2090, -860, "T", "DIP", "$1N14293", "", "C", 82.68, 82.68, 43.31],
		[182, "U6_3", 2090, -860, "B", "DIP", "$1N14293", "", "C", 82.68, 82.68, 43.31],
		[183, "U6_4", 2090, -760, "T", "DIP", "VCC4-5V", "", "C", 82.68, 82.68, 43.31],
		[184, "U6_4", 2090, -760, "B", "DIP", "VCC4-5V", "", "C", 82.68, 82.68, 43.31],
		[185, "U6_6", 1790, -860, "T", "DIP", "$1N12552", "", "C", 82.68, 82.68, 43.31],
		[186, "U6_6", 1790, -860, "B", "DIP", "$1N12552", "", "C", 82.68, 82.68, 43.31],
		[187, "R7_1", -310, -1197.76, "T", "DIP", "$1N12244", "", "C", 125.98, 125.98, 39.37],
		[188, "R7_1", -310, -1197.76, "B", "DIP", "$1N12244", "", "C", 125.98, 125.98, 39.37],
		[189, "R7_2", -310, -792.24, "T", "DIP", "$1N12205", "", "C", 125.98, 125.98, 39.37],
		[190, "R7_2", -310, -792.24, "B", "DIP", "$1N12205", "", "C", 125.98, 125.98, 39.37],
		[191, "P5_1", 1280, -1480, "T", "DIP", "$1N14339", "", "R", 78.74, 118.11, 47.24],
		[192, "P5_1", 1280, -1480, "B", "DIP", "$1N14339", "", "R", 78.74, 118.11, 47.24],
		[193, "P5_2", 1180, -1480, "T", "DIP", "$1N14339", "", "R", 78.74, 118.11, 47.24],
		[194, "P5_2", 1180, -1480, "B", "DIP", "$1N14339", "", "R", 78.74, 118.11, 47.24],
		[195, "P6_1", -915, -1575, "T", "DIP", "GND", "GND", "R", 78.74, 118.11, 47.24],
		[196, "P6_1", -915, -1575, "B", "DIP", "GND", "GND", "R", 78.74, 118.11, 47.24],
		[197, "P6_2", -815, -1575, "T", "DIP", "GND", "GND", "R", 78.74, 118.11, 47.24],
		[198, "P6_2", -815, -1575, "B", "DIP", "GND", "GND", "R", 78.74, 118.11, 47.24],
		[199, "R8_1", 37.24, -1175, "T", "DIP", "$1N12352", "", "C", 125.98, 125.98, 39.37],
		[200, "R8_1", 37.24, -1175, "B", "DIP", "$1N12352", "", "C", 125.98, 125.98, 39.37],
		[201, "R8_2", 442.76, -1175, "T", "DIP", "GND", "GND", "C", 125.98, 125.98, 39.37],
		[202, "R8_2", 442.76, -1175, "B", "DIP", "GND", "GND", "C", 125.98, 125.98, 39.37],
		[203, "R9_1", 1240, -837.24, "T", "DIP", "$1N12552", "", "C", 125.98, 125.98, 39.37],
		[204, "R9_1", 1240, -837.24, "B", "DIP", "$1N12552", "", "C", 125.98, 125.98, 39.37],
		[205, "R9_2", 1240, -1242.76, "T", "DIP", "$1N14339", "", "C", 125.98, 125.98, 39.37],
		[206, "R9_2", 1240, -1242.76, "B", "DIP", "$1N14339", "", "C", 125.98, 125.98, 39.37],
		[207, "C17_1", 1525, -1113.42, "T", "DIP", "GND", "GND", "C", 125.98, 125.98, 39.37],
		[208, "C17_1", 1525, -1113.42, "B", "DIP", "GND", "GND", "C", 125.98, 125.98, 39.37],
		[209, "C17_2", 1525, -855, "T", "DIP", "$1N12552", "", "C", 125.98, 125.98, 39.37],
		[210, "C17_2", 1525, -855, "B", "DIP", "$1N12552", "", "C", 125.98, 125.98, 39.37],
		[211, "R10_1", 1320, 87.76, "T", "DIP", "$1N12559", "", "C", 125.98, 125.98, 39.37],
		[212, "R10_1", 1320, 87.76, "B", "DIP", "$1N12559", "", "C", 125.98, 125.98, 39.37],
		[213, "R10_2", 1320, -317.76, "T", "DIP", "$1N12552", "", "C", 125.98, 125.98, 39.37],
		[214, "R10_2", 1320, -317.76, "B", "DIP", "$1N12552", "", "C", 125.98, 125.98, 39.37],
		[215, "RP2_2", 1730, 45, "T", "DIP", "$1N12559", "", "C", 98.43, 98.43, 30],
		[216, "RP2_2", 1730, 45, "B", "DIP", "$1N12559", "", "C", 98.43, 98.43, 30],
		[217, "RP2_1", 1730, -115, "T", "DIP", "$1N12605", "", "C", 98.43, 98.43, 30],
		[218, "RP2_1", 1730, -115, "B", "DIP", "$1N12605", "", "C", 98.43, 98.43, 30],
		[219, "RP2_3", 1730, 203.43, "T", "DIP", "$1N12559", "", "C", 98.43, 98.43, 30],
		[220, "RP2_3", 1730, 203.43, "B", "DIP", "$1N12559", "", "C", 98.43, 98.43, 30],
		[221, "R11_1", 2097.76, -340, "T", "DIP", "$1N12605", "", "C", 125.98, 125.98, 39.37],
		[222, "R11_1", 2097.76, -340, "B", "DIP", "$1N12605", "", "C", 125.98, 125.98, 39.37],
		[223, "R11_2", 1692.24, -340, "T", "DIP", "GND", "GND", "C", 125.98, 125.98, 39.37],
		[224, "R11_2", 1692.24, -340, "B", "DIP", "GND", "GND", "C", 125.98, 125.98, 39.37],
		[225, "RP3_2", 1960, -1475, "T", "DIP", "VCC3+5V", "", "C", 98.43, 98.43, 30],
		[226, "RP3_2", 1960, -1475, "B", "DIP", "VCC3+5V", "", "C", 98.43, 98.43, 30],
		[227, "RP3_1", 1800, -1475, "T", "DIP", "$1N12687", "", "C", 98.43, 98.43, 30],
		[228, "RP3_1", 1800, -1475, "B", "DIP", "$1N12687", "", "C", 98.43, 98.43, 30],
		[229, "RP3_3", 2118.43, -1475, "T", "DIP", "$1N12695", "", "C", 98.43, 98.43, 30],
		[230, "RP3_3", 2118.43, -1475, "B", "DIP", "$1N12695", "", "C", 98.43, 98.43, 30],
		[231, "R12_1", 2405, -195, "T", "DIP", "GND", "GND", "C", 125.98, 125.98, 36],
		[232, "R12_1", 2405, -195, "B", "DIP", "GND", "GND", "C", 125.98, 125.98, 36],
		[233, "R12_2", 2400, -590, "T", "DIP", "$1N14286", "", "C", 125.98, 125.98, 36],
		[234, "R12_2", 2400, -590, "B", "DIP", "$1N14286", "", "C", 125.98, 125.98, 36],
		[235, "R13_1", 2590, -1492.76, "T", "DIP", "$1N14293", "", "C", 125.98, 125.98, 39.37],
		[236, "R13_1", 2590, -1492.76, "B", "DIP", "$1N14293", "", "C", 125.98, 125.98, 39.37],
		[237, "R13_2", 2590, -1087.24, "T", "DIP", "$1N14286", "", "C", 125.98, 125.98, 39.37],
		[238, "R13_2", 2590, -1087.24, "B", "DIP", "$1N14286", "", "C", 125.98, 125.98, 39.37],
		[239, "C1_1", -235, 1513.42, "T", "DIP", "VCC1+18V", "", "C", 125.98, 125.98, 47.24],
		[240, "C1_1", -235, 1513.42, "B", "DIP", "VCC1+18V", "", "C", 125.98, 125.98, 47.24],
		[241, "C1_2", -235, 1218.15, "T", "DIP", "GND", "GND", "C", 125.98, 125.98, 47.24],
		[242, "C1_2", -235, 1218.15, "B", "DIP", "GND", "GND", "C", 125.98, 125.98, 47.24],
		[243, "U4_1", -714.9, 553.68, "T", "DIP", "$1N8355", "", "R", 75, 200, 47.24],
		[244, "U4_1", -714.9, 553.68, "B", "DIP", "$1N8355", "", "R", 75, 200, 47.24],
		[245, "U4_3", -714.9, 793.69, "T", "DIP", "VCC1+18V", "", "R", 75, 200, 47.24],
		[246, "U4_3", -714.9, 793.69, "B", "DIP", "VCC1+18V", "", "R", 75, 200, 47.24],
		[247, "U4_2", -714.9, 675.42, "T", "DIP", "$1N10870", "", "R", 75, 200, 47.24],
		[248, "U4_2", -714.9, 675.42, "B", "DIP", "$1N10870", "", "R", 75, 200, 47.24]
	]
}
}